Ww,Cluster,Product,Period,Demand
0,1,1,1,38536
0,1,1,2,84071
0,1,1,3,122400
0,1,1,4,170111
0,1,1,5,206594
0,1,1,6,255923
0,1,1,7,285696
0,1,1,8,334249
0,1,1,9,376053
0,1,1,10,414034
0,1,2,1,27648
0,1,2,2,50265
0,1,2,3,82086
0,1,2,4,109414
0,1,2,5,134224
0,1,2,6,169448
0,1,2,7,186007
0,1,2,8,220369
0,1,2,9,244162
0,1,2,10,271166
0,1,3,1,205165
0,1,3,2,379832
0,1,3,3,577607
0,1,3,4,783732
0,1,3,5,1017746
0,1,3,6,1194459
0,1,3,7,1396335
0,1,3,8,1557283
0,1,3,9,1778921
0,1,3,10,1996171
0,1,4,1,29692
0,1,4,2,57481
0,1,4,3,87980
0,1,4,4,117711
0,1,4,5,143466
0,1,4,6,174494
0,1,4,7,201834
0,1,4,8,227240
0,1,4,9,258804
0,1,4,10,285566
1,2,1,1,3615
1,2,1,2,6720
1,2,1,3,11283
1,2,1,4,13548
1,2,1,5,18779
1,2,1,6,21932
1,2,1,7,25454
1,2,1,8,28772
1,2,1,9,33451
1,2,1,10,36413
1,2,2,1,2772
1,2,2,2,5589
1,2,2,3,8820
1,2,2,4,11036
1,2,2,5,13880
1,2,2,6,16673
1,2,2,7,19347
1,2,2,8,22316
1,2,2,9,24473
1,2,2,10,27553
1,2,3,1,22702
1,2,3,2,43171
1,2,3,3,61094
1,2,3,4,74564
1,2,3,5,101904
1,2,3,6,124604
1,2,3,7,146114
1,2,3,8,163188
1,2,3,9,182874
1,2,3,10,202559
1,2,4,1,3280
1,2,4,2,5951
1,2,4,3,9364
1,2,4,4,11512
1,2,4,5,14897
1,2,4,6,17307
1,2,4,7,21512
1,2,4,8,23478
1,2,4,9,26680
1,2,4,10,30168
2,3,1,1,31486
2,3,1,2,59645
2,3,1,3,90864
2,3,1,4,123623
2,3,1,5,150877
2,3,1,6,188522
2,3,1,7,215859
2,3,1,8,241671
2,3,1,9,276258
2,3,1,10,305406
2,3,2,1,19128
2,3,2,2,38939
2,3,2,3,61977
2,3,2,4,80981
2,3,2,5,98491
2,3,2,6,115288
2,3,2,7,142654
2,3,2,8,156913
2,3,2,9,176821
2,3,2,10,197921
2,3,3,1,202513
2,3,3,2,385408
2,3,3,3,573839
2,3,3,4,781837
2,3,3,5,909939
2,3,3,6,1137123
2,3,3,7,1300583
2,3,3,8,1509495
2,3,3,9,1694553
2,3,3,10,1908386
2,3,4,1,19745
2,3,4,2,38463
2,3,4,3,52916
2,3,4,4,76534
2,3,4,5,96261
2,3,4,6,113021
2,3,4,7,135715
2,3,4,8,148956
2,3,4,9,171589
2,3,4,10,190267
3,4,1,1,314
3,4,1,2,685
3,4,1,3,1006
3,4,1,4,1234
3,4,1,5,1606
3,4,1,6,1910
3,4,1,7,2273
3,4,1,8,2652
3,4,1,9,2882
3,4,1,10,3222
3,4,2,1,189
3,4,2,2,365
3,4,2,3,559
3,4,2,4,761
3,4,2,5,894
3,4,2,6,1138
3,4,2,7,1357
3,4,2,8,1499
3,4,2,9,1691
3,4,2,10,1881
3,4,3,1,1517
3,4,3,2,2852
3,4,3,3,4176
3,4,3,4,6188
3,4,3,5,7685
3,4,3,6,8698
3,4,3,7,10165
3,4,3,8,11386
3,4,3,9,13213
3,4,3,10,14520
3,4,4,1,171
3,4,4,2,325
3,4,4,3,424
3,4,4,4,653
3,4,4,5,793
3,4,4,6,901
3,4,4,7,1096
3,4,4,8,1228
3,4,4,9,1371
3,4,4,10,1540
4,5,1,1,23754
4,5,1,2,49817
4,5,1,3,74081
4,5,1,4,95033
4,5,1,5,127304
4,5,1,6,145840
4,5,1,7,166417
4,5,1,8,193804
4,5,1,9,220038
4,5,1,10,244282
4,5,2,1,19775
4,5,2,2,39040
4,5,2,3,58447
4,5,2,4,79423
4,5,2,5,96145
4,5,2,6,114294
4,5,2,7,136200
4,5,2,8,154017
4,5,2,9,177976
4,5,2,10,195730
4,5,3,1,155314
4,5,3,2,300104
4,5,3,3,451301
4,5,3,4,589183
4,5,3,5,724197
4,5,3,6,868521
4,5,3,7,1041930
4,5,3,8,1170754
4,5,3,9,1349975
4,5,3,10,1489518
4,5,4,1,24370
4,5,4,2,46392
4,5,4,3,79333
4,5,4,4,100236
4,5,4,5,120128
4,5,4,6,150984
4,5,4,7,169640
4,5,4,8,199578
4,5,4,9,223368
4,5,4,10,248224
5,6,1,1,740
5,6,1,2,1389
5,6,1,3,2277
5,6,1,4,3110
5,6,1,5,3547
5,6,1,6,4343
5,6,1,7,5158
5,6,1,8,6005
5,6,1,9,6905
5,6,1,10,7631
5,6,2,1,523
5,6,2,2,1041
5,6,2,3,1520
5,6,2,4,2219
5,6,2,5,3089
5,6,2,6,3448
5,6,2,7,3983
5,6,2,8,4879
5,6,2,9,5283
5,6,2,10,5870
5,6,3,1,3262
5,6,3,2,6281
5,6,3,3,11010
5,6,3,4,14271
5,6,3,5,17407
5,6,3,6,19638
5,6,3,7,23814
5,6,3,8,27657
5,6,3,9,32304
5,6,3,10,35015
5,6,4,1,606
5,6,4,2,957
5,6,4,3,1561
5,6,4,4,2445
5,6,4,5,2976
5,6,4,6,3385
5,6,4,7,3712
5,6,4,8,4431
5,6,4,9,4897
5,6,4,10,5590
6,7,1,1,12870
6,7,1,2,24102
6,7,1,3,37585
6,7,1,4,48910
6,7,1,5,63192
6,7,1,6,76130
6,7,1,7,86618
6,7,1,8,97803
6,7,1,9,110112
6,7,1,10,122530
6,7,2,1,8754
6,7,2,2,16090
6,7,2,3,25808
6,7,2,4,36323
6,7,2,5,43020
6,7,2,6,51935
6,7,2,7,61941
6,7,2,8,68374
6,7,2,9,75445
6,7,2,10,85911
6,7,3,1,62230
6,7,3,2,122797
6,7,3,3,181316
6,7,3,4,251674
6,7,3,5,312090
6,7,3,6,380298
6,7,3,7,453185
6,7,3,8,497889
6,7,3,9,569442
6,7,3,10,630689
6,7,4,1,10177
6,7,4,2,18059
6,7,4,3,29680
6,7,4,4,39724
6,7,4,5,45409
6,7,4,6,57405
6,7,4,7,64517
6,7,4,8,75752
6,7,4,9,83537
6,7,4,10,94884
7,8,1,1,1854
7,8,1,2,3873
7,8,1,3,6271
7,8,1,4,8487
7,8,1,5,10441
7,8,1,6,12525
7,8,1,7,13858
7,8,1,8,15062
7,8,1,9,17939
7,8,1,10,19774
7,8,2,1,771
7,8,2,2,1905
7,8,2,3,2375
7,8,2,4,3595
7,8,2,5,4131
7,8,2,6,4928
7,8,2,7,6036
7,8,2,8,6539
7,8,2,9,7531
7,8,2,10,8377
7,8,3,1,11374
7,8,3,2,25879
7,8,3,3,39428
7,8,3,4,48798
7,8,3,5,66120
7,8,3,6,78477
7,8,3,7,97366
7,8,3,8,112243
7,8,3,9,120980
7,8,3,10,136300
7,8,4,1,1097
7,8,4,2,1746
7,8,4,3,3176
7,8,4,4,4300
7,8,4,5,4806
7,8,4,6,6168
7,8,4,7,7031
7,8,4,8,7809
7,8,4,9,9020
7,8,4,10,9868
8,9,1,1,21805
8,9,1,2,46881
8,9,1,3,63401
8,9,1,4,87693
8,9,1,5,107744
8,9,1,6,131947
8,9,1,7,147849
8,9,1,8,174011
8,9,1,9,196144
8,9,1,10,215271
8,9,2,1,19569
8,9,2,2,36845
8,9,2,3,55980
8,9,2,4,77542
8,9,2,5,93308
8,9,2,6,116439
8,9,2,7,137603
8,9,2,8,152198
8,9,2,9,177014
8,9,2,10,194081
8,9,3,1,114872
8,9,3,2,220188
8,9,3,3,359838
8,9,3,4,463229
8,9,3,5,562768
8,9,3,6,704569
8,9,3,7,810994
8,9,3,8,942135
8,9,3,9,1034129
8,9,3,10,1159834
8,9,4,1,28849
8,9,4,2,56952
8,9,4,3,82958
8,9,4,4,110648
8,9,4,5,133816
8,9,4,6,167157
8,9,4,7,197399
8,9,4,8,226811
8,9,4,9,250374
8,9,4,10,280492
9,10,1,1,375
9,10,1,2,731
9,10,1,3,1141
9,10,1,4,1498
9,10,1,5,1926
9,10,1,6,2233
9,10,1,7,2552
9,10,1,8,2996
9,10,1,9,3292
9,10,1,10,3673
9,10,2,1,260
9,10,2,2,494
9,10,2,3,711
9,10,2,4,914
9,10,2,5,1246
9,10,2,6,1489
9,10,2,7,1704
9,10,2,8,1952
9,10,2,9,2188
9,10,2,10,2411
9,10,3,1,2042
9,10,3,2,4112
9,10,3,3,6841
9,10,3,4,8774
9,10,3,5,10426
9,10,3,6,12613
9,10,3,7,15122
9,10,3,8,17253
9,10,3,9,19083
9,10,3,10,21488
9,10,4,1,309
9,10,4,2,621
9,10,4,3,815
9,10,4,4,1118
9,10,4,5,1356
9,10,4,6,1780
9,10,4,7,1909
9,10,4,8,2288
9,10,4,9,2530
9,10,4,10,2822
10,11,1,1,26135
10,11,1,2,50730
10,11,1,3,82804
10,11,1,4,101057
10,11,1,5,127290
10,11,1,6,154955
10,11,1,7,180677
10,11,1,8,208594
10,11,1,9,232136
10,11,1,10,260395
10,11,2,1,18042
10,11,2,2,35868
10,11,2,3,53892
10,11,2,4,73709
10,11,2,5,87393
10,11,2,6,106547
10,11,2,7,123039
10,11,2,8,143747
10,11,2,9,159923
10,11,2,10,178354
10,11,3,1,133028
10,11,3,2,266668
10,11,3,3,413479
10,11,3,4,579648
10,11,3,5,689639
10,11,3,6,829081
10,11,3,7,983847
10,11,3,8,1105850
10,11,3,9,1254106
10,11,3,10,1386376
10,11,4,1,22060
10,11,4,2,42512
10,11,4,3,62799
10,11,4,4,88480
10,11,4,5,104223
10,11,4,6,125548
10,11,4,7,149101
10,11,4,8,166442
10,11,4,9,189478
10,11,4,10,209449
11,12,1,1,1894
11,12,1,2,4767
11,12,1,3,6121
11,12,1,4,8473
11,12,1,5,10124
11,12,1,6,12796
11,12,1,7,14770
11,12,1,8,17696
11,12,1,9,19149
11,12,1,10,21665
11,12,2,1,1433
11,12,2,2,3113
11,12,2,3,4474
11,12,2,4,6593
11,12,2,5,8540
11,12,2,6,9496
11,12,2,7,11346
11,12,2,8,12780
11,12,2,9,14295
11,12,2,10,16221
11,12,3,1,11932
11,12,3,2,19603
11,12,3,3,35334
11,12,3,4,44655
11,12,3,5,60489
11,12,3,6,68684
11,12,3,7,76190
11,12,3,8,92771
11,12,3,9,98969
11,12,3,10,110144
11,12,4,1,880
11,12,4,2,1663
11,12,4,3,2520
11,12,4,4,3065
11,12,4,5,4200
11,12,4,6,5308
11,12,4,7,5861
11,12,4,8,6669
11,12,4,9,7442
11,12,4,10,8336
12,13,1,1,196
12,13,1,2,378
12,13,1,3,480
12,13,1,4,732
12,13,1,5,812
12,13,1,6,1042
12,13,1,7,1278
12,13,1,8,1332
12,13,1,9,1536
12,13,1,10,1738
12,13,2,1,106
12,13,2,2,180
12,13,2,3,280
12,13,2,4,372
12,13,2,5,481
12,13,2,6,596
12,13,2,7,675
12,13,2,8,780
12,13,2,9,850
12,13,2,10,964
12,13,3,1,576
12,13,3,2,1161
12,13,3,3,1956
12,13,3,4,2574
12,13,3,5,3637
12,13,3,6,3784
12,13,3,7,4939
12,13,3,8,5324
12,13,3,9,6208
12,13,3,10,6737
12,13,4,1,47
12,13,4,2,105
12,13,4,3,151
12,13,4,4,198
12,13,4,5,259
12,13,4,6,313
12,13,4,7,360
12,13,4,8,414
12,13,4,9,467
12,13,4,10,514
13,14,1,1,9225
13,14,1,2,19868
13,14,1,3,29483
13,14,1,4,39755
13,14,1,5,47531
13,14,1,6,58278
13,14,1,7,64173
13,14,1,8,77303
13,14,1,9,84242
13,14,1,10,95006
13,14,2,1,7213
13,14,2,2,14771
13,14,2,3,20634
13,14,2,4,26283
13,14,2,5,36597
13,14,2,6,43305
13,14,2,7,46496
13,14,2,8,55548
13,14,2,9,61629
13,14,2,10,69755
13,14,3,1,49717
13,14,3,2,100390
13,14,3,3,154556
13,14,3,4,219873
13,14,3,5,289695
13,14,3,6,341084
13,14,3,7,370727
13,14,3,8,460364
13,14,3,9,514190
13,14,3,10,557499
13,14,4,1,7044
13,14,4,2,14305
13,14,4,3,20733
13,14,4,4,29102
13,14,4,5,38626
13,14,4,6,44934
13,14,4,7,50871
13,14,4,8,57104
13,14,4,9,65524
13,14,4,10,73468
14,15,1,1,506
14,15,1,2,1121
14,15,1,3,1734
14,15,1,4,2304
14,15,1,5,2823
14,15,1,6,3242
14,15,1,7,4007
14,15,1,8,4379
14,15,1,9,5056
14,15,1,10,5538
14,15,2,1,254
14,15,2,2,615
14,15,2,3,774
14,15,2,4,1063
14,15,2,5,1493
14,15,2,6,1779
14,15,2,7,1939
14,15,2,8,2192
14,15,2,9,2557
14,15,2,10,2816
14,15,3,1,3617
14,15,3,2,6193
14,15,3,3,9873
14,15,3,4,13700
14,15,3,5,16785
14,15,3,6,19611
14,15,3,7,23185
14,15,3,8,26677
14,15,3,9,30181
14,15,3,10,33346
14,15,4,1,515
14,15,4,2,1104
14,15,4,3,1541
14,15,4,4,1888
14,15,4,5,2545
14,15,4,6,2962
14,15,4,7,3448
14,15,4,8,4062
14,15,4,9,4560
14,15,4,10,4944
15,16,1,1,3185
15,16,1,2,6244
15,16,1,3,9017
15,16,1,4,12347
15,16,1,5,15521
15,16,1,6,17558
15,16,1,7,20739
15,16,1,8,23544
15,16,1,9,26330
15,16,1,10,29922
15,16,2,1,1588
15,16,2,2,3115
15,16,2,3,4579
15,16,2,4,5295
15,16,2,5,7161
15,16,2,6,8468
15,16,2,7,9800
15,16,2,8,11805
15,16,2,9,12825
15,16,2,10,14435
15,16,3,1,13822
15,16,3,2,32279
15,16,3,3,46766
15,16,3,4,66227
15,16,3,5,72271
15,16,3,6,88951
15,16,3,7,107646
15,16,3,8,125372
15,16,3,9,135100
15,16,3,10,153676
15,16,4,1,1751
15,16,4,2,3523
15,16,4,3,4739
15,16,4,4,6473
15,16,4,5,8300
15,16,4,6,9726
15,16,4,7,11096
15,16,4,8,13219
15,16,4,9,15192
15,16,4,10,16530
16,17,1,1,80
16,17,1,2,146
16,17,1,3,293
16,17,1,4,303
16,17,1,5,411
16,17,1,6,499
16,17,1,7,615
16,17,1,8,726
16,17,1,9,757
16,17,1,10,859
16,17,2,1,96
16,17,2,2,202
16,17,2,3,306
16,17,2,4,461
16,17,2,5,613
16,17,2,6,640
16,17,2,7,775
16,17,2,8,936
16,17,2,9,1023
16,17,2,10,1114
16,17,3,1,400
16,17,3,2,840
16,17,3,3,1115
16,17,3,4,1655
16,17,3,5,1869
16,17,3,6,2475
16,17,3,7,2782
16,17,3,8,3218
16,17,3,9,3520
16,17,3,10,3905
16,17,4,1,115
16,17,4,2,191
16,17,4,3,356
16,17,4,4,446
16,17,4,5,516
16,17,4,6,643
16,17,4,7,725
16,17,4,8,858
16,17,4,9,944
16,17,4,10,1083
17,18,1,1,7185
17,18,1,2,13853
17,18,1,3,20221
17,18,1,4,25300
17,18,1,5,32622
17,18,1,6,41536
17,18,1,7,45777
17,18,1,8,53550
17,18,1,9,59581
17,18,1,10,67385
17,18,2,1,5357
17,18,2,2,10223
17,18,2,3,14517
17,18,2,4,20439
17,18,2,5,25966
17,18,2,6,31408
17,18,2,7,35192
17,18,2,8,40811
17,18,2,9,43818
17,18,2,10,49383
17,18,3,1,33208
17,18,3,2,70362
17,18,3,3,95541
17,18,3,4,136728
17,18,3,5,163738
17,18,3,6,204585
17,18,3,7,226584
17,18,3,8,253273
17,18,3,9,287350
17,18,3,10,325639
17,18,4,1,3743
17,18,4,2,8561
17,18,4,3,10658
17,18,4,4,15731
17,18,4,5,19096
17,18,4,6,23145
17,18,4,7,26224
17,18,4,8,31289
17,18,4,9,34191
17,18,4,10,38247
18,19,1,1,787
18,19,1,2,1657
18,19,1,3,2318
18,19,1,4,3058
18,19,1,5,3965
18,19,1,6,4656
18,19,1,7,5685
18,19,1,8,6451
18,19,1,9,7177
18,19,1,10,7893
18,19,2,1,501
18,19,2,2,888
18,19,2,3,1460
18,19,2,4,1711
18,19,2,5,2297
18,19,2,6,2596
18,19,2,7,3157
18,19,2,8,3547
18,19,2,9,4065
18,19,2,10,4481
18,19,3,1,3582
18,19,3,2,7546
18,19,3,3,10925
18,19,3,4,15659
18,19,3,5,17074
18,19,3,6,23173
18,19,3,7,27672
18,19,3,8,31731
18,19,3,9,34388
18,19,3,10,38128
18,19,4,1,408
18,19,4,2,849
18,19,4,3,1253
18,19,4,4,1771
18,19,4,5,2295
18,19,4,6,2511
18,19,4,7,3046
18,19,4,8,3425
18,19,4,9,3946
18,19,4,10,4375
19,20,1,1,242
19,20,1,2,524
19,20,1,3,843
19,20,1,4,1255
19,20,1,5,1371
19,20,1,6,1603
19,20,1,7,1954
19,20,1,8,2345
19,20,1,9,2560
19,20,1,10,2879
19,20,2,1,133
19,20,2,2,271
19,20,2,3,389
19,20,2,4,510
19,20,2,5,636
19,20,2,6,778
19,20,2,7,893
19,20,2,8,1038
19,20,2,9,1190
19,20,2,10,1292
19,20,3,1,1871
19,20,3,2,3041
19,20,3,3,5183
19,20,3,4,6066
19,20,3,5,8117
19,20,3,6,9640
19,20,3,7,12055
19,20,3,8,12950
19,20,3,9,15115
19,20,3,10,16727
19,20,4,1,90
19,20,4,2,214
19,20,4,3,313
19,20,4,4,410
19,20,4,5,495
19,20,4,6,624
19,20,4,7,742
19,20,4,8,793
19,20,4,9,905
19,20,4,10,1000
20,21,1,1,6329
20,21,1,2,13528
20,21,1,3,19244
20,21,1,4,26152
20,21,1,5,33133
20,21,1,6,41725
20,21,1,7,47875
20,21,1,8,53225
20,21,1,9,59889
20,21,1,10,66782
20,21,2,1,4184
20,21,2,2,8358
20,21,2,3,11184
20,21,2,4,16638
20,21,2,5,20072
20,21,2,6,23481
20,21,2,7,28104
20,21,2,8,31715
20,21,2,9,35961
20,21,2,10,39968
20,21,3,1,29077
20,21,3,2,56007
20,21,3,3,91279
20,21,3,4,117334
20,21,3,5,143918
20,21,3,6,161519
20,21,3,7,209209
20,21,3,8,228744
20,21,3,9,261558
20,21,3,10,283804
20,21,4,1,3642
20,21,4,2,6939
20,21,4,3,10404
20,21,4,4,12428
20,21,4,5,17019
20,21,4,6,20093
20,21,4,7,23534
20,21,4,8,27413
20,21,4,9,29877
20,21,4,10,33512
21,22,1,1,13063
21,22,1,2,22191
21,22,1,3,35616
21,22,1,4,49114
21,22,1,5,60589
21,22,1,6,72448
21,22,1,7,87045
21,22,1,8,95691
21,22,1,9,109925
21,22,1,10,120398
21,22,2,1,8410
21,22,2,2,16281
21,22,2,3,26096
21,22,2,4,32937
21,22,2,5,42201
21,22,2,6,49707
21,22,2,7,56954
21,22,2,8,65322
21,22,2,9,74963
21,22,2,10,83907
21,22,3,1,44596
21,22,3,2,81449
21,22,3,3,135113
21,22,3,4,166375
21,22,3,5,232100
21,22,3,6,267908
21,22,3,7,308883
21,22,3,8,359424
21,22,3,9,402972
21,22,3,10,449135
21,22,4,1,7989
21,22,4,2,15031
21,22,4,3,22301
21,22,4,4,32235
21,22,4,5,38234
21,22,4,6,44899
21,22,4,7,51940
21,22,4,8,59887
21,22,4,9,68681
21,22,4,10,76840
22,23,1,1,230
22,23,1,2,465
22,23,1,3,654
22,23,1,4,907
22,23,1,5,1085
22,23,1,6,1317
22,23,1,7,1645
22,23,1,8,1793
22,23,1,9,2075
22,23,1,10,2279
22,23,2,1,161
22,23,2,2,276
22,23,2,3,417
22,23,2,4,563
22,23,2,5,674
22,23,2,6,904
22,23,2,7,1068
22,23,2,8,1223
22,23,2,9,1389
22,23,2,10,1493
22,23,3,1,1134
22,23,3,2,2023
22,23,3,3,3206
22,23,3,4,3907
22,23,3,5,5242
22,23,3,6,5742
22,23,3,7,7104
22,23,3,8,8082
22,23,3,9,8899
22,23,3,10,9950
22,23,4,1,101
22,23,4,2,187
22,23,4,3,270
22,23,4,4,402
22,23,4,5,480
22,23,4,6,585
22,23,4,7,705
22,23,4,8,786
22,23,4,9,856
22,23,4,10,972
23,24,1,1,2175
23,24,1,2,5379
23,24,1,3,8257
23,24,1,4,10756
23,24,1,5,12300
23,24,1,6,14749
23,24,1,7,17316
23,24,1,8,20235
23,24,1,9,22853
23,24,1,10,24642
23,24,2,1,1720
23,24,2,2,3333
23,24,2,3,5031
23,24,2,4,5847
23,24,2,5,8261
23,24,2,6,9515
23,24,2,7,10510
23,24,2,8,12653
23,24,2,9,14322
23,24,2,10,15684
23,24,3,1,18051
23,24,3,2,29030
23,24,3,3,51117
23,24,3,4,69302
23,24,3,5,79313
23,24,3,6,96701
23,24,3,7,121249
23,24,3,8,129557
23,24,3,9,153122
23,24,3,10,168548
23,24,4,1,1676
23,24,4,2,3528
23,24,4,3,4696
23,24,4,4,5872
23,24,4,5,7314
23,24,4,6,8941
23,24,4,7,10789
23,24,4,8,12667
23,24,4,9,14142
23,24,4,10,15678
24,25,1,1,152
24,25,1,2,308
24,25,1,3,477
24,25,1,4,591
24,25,1,5,762
24,25,1,6,949
24,25,1,7,1042
24,25,1,8,1189
24,25,1,9,1404
24,25,1,10,1522
24,25,2,1,122
24,25,2,2,254
24,25,2,3,382
24,25,2,4,542
24,25,2,5,623
24,25,2,6,761
24,25,2,7,937
24,25,2,8,1017
24,25,2,9,1140
24,25,2,10,1294
24,25,3,1,559
24,25,3,2,1144
24,25,3,3,1680
24,25,3,4,2129
24,25,3,5,2962
24,25,3,6,3519
24,25,3,7,3920
24,25,3,8,4579
24,25,3,9,4975
24,25,3,10,5610
24,25,4,1,145
24,25,4,2,285
24,25,4,3,458
24,25,4,4,614
24,25,4,5,765
24,25,4,6,926
24,25,4,7,1096
24,25,4,8,1263
24,25,4,9,1396
24,25,4,10,1579
25,26,1,1,1034
25,26,1,2,2027
25,26,1,3,3033
25,26,1,4,3935
25,26,1,5,5088
25,26,1,6,5955
25,26,1,7,6719
25,26,1,8,7817
25,26,1,9,8880
25,26,1,10,9942
25,26,2,1,876
25,26,2,2,1749
25,26,2,3,2688
25,26,2,4,3246
25,26,2,5,4381
25,26,2,6,5517
25,26,2,7,6105
25,26,2,8,6802
25,26,2,9,7712
25,26,2,10,8632
25,26,3,1,6445
25,26,3,2,11244
25,26,3,3,16105
25,26,3,4,22411
25,26,3,5,27670
25,26,3,6,33955
25,26,3,7,39582
25,26,3,8,43439
25,26,3,9,48908
25,26,3,10,55161
25,26,4,1,635
25,26,4,2,1486
25,26,4,3,1855
25,26,4,4,2610
25,26,4,5,3345
25,26,4,6,3943
25,26,4,7,4468
25,26,4,8,5280
25,26,4,9,6030
25,26,4,10,6732
26,27,1,1,101
26,27,1,2,185
26,27,1,3,279
26,27,1,4,359
26,27,1,5,464
26,27,1,6,552
26,27,1,7,645
26,27,1,8,732
26,27,1,9,825
26,27,1,10,910
26,27,2,1,41
26,27,2,2,78
26,27,2,3,123
26,27,2,4,158
26,27,2,5,198
26,27,2,6,248
26,27,2,7,285
26,27,2,8,329
26,27,2,9,365
26,27,2,10,408
26,27,3,1,476
26,27,3,2,1027
26,27,3,3,1575
26,27,3,4,2096
26,27,3,5,2538
26,27,3,6,2938
26,27,3,7,3624
26,27,3,8,4117
26,27,3,9,4555
26,27,3,10,5127
26,27,4,1,45
26,27,4,2,111
26,27,4,3,178
26,27,4,4,224
26,27,4,5,259
26,27,4,6,333
26,27,4,7,366
26,27,4,8,435
26,27,4,9,489
26,27,4,10,536
27,28,1,1,591
27,28,1,2,926
27,28,1,3,1384
27,28,1,4,2036
27,28,1,5,2344
27,28,1,6,2939
27,28,1,7,3658
27,28,1,8,3943
27,28,1,9,4607
27,28,1,10,5030
27,28,2,1,264
27,28,2,2,498
27,28,2,3,787
27,28,2,4,987
27,28,2,5,1148
27,28,2,6,1586
27,28,2,7,1834
27,28,2,8,1985
27,28,2,9,2236
27,28,2,10,2553
27,28,3,1,1520
27,28,3,2,2798
27,28,3,3,4209
27,28,3,4,5534
27,28,3,5,7470
27,28,3,6,8982
27,28,3,7,11213
27,28,3,8,12187
27,28,3,9,13412
27,28,3,10,15220
27,28,4,1,226
27,28,4,2,406
27,28,4,3,693
27,28,4,4,827
27,28,4,5,1045
27,28,4,6,1230
27,28,4,7,1444
27,28,4,8,1662
27,28,4,9,1800
27,28,4,10,2015
28,29,1,1,10734
28,29,1,2,22715
28,29,1,3,31329
28,29,1,4,43239
28,29,1,5,54340
28,29,1,6,68161
28,29,1,7,76578
28,29,1,8,89459
28,29,1,9,100797
28,29,1,10,111142
28,29,2,1,7956
28,29,2,2,16212
28,29,2,3,25370
28,29,2,4,32859
28,29,2,5,39121
28,29,2,6,46421
28,29,2,7,57083
28,29,2,8,62911
28,29,2,9,71161
28,29,2,10,79907
28,29,3,1,48163
28,29,3,2,95580
28,29,3,3,137369
28,29,3,4,177567
28,29,3,5,221281
28,29,3,6,252260
28,29,3,7,318587
28,29,3,8,341642
28,29,3,9,399045
28,29,3,10,436764
28,29,4,1,8894
28,29,4,2,17731
28,29,4,3,25355
28,29,4,4,35996
28,29,4,5,40756
28,29,4,6,49157
28,29,4,7,61323
28,29,4,8,67307
28,29,4,9,78192
28,29,4,10,85832
29,30,1,1,1308
29,30,1,2,2627
29,30,1,3,4268
29,30,1,4,5608
29,30,1,5,6920
29,30,1,6,8344
29,30,1,7,9582
29,30,1,8,10745
29,30,1,9,12553
29,30,1,10,13716
29,30,2,1,1137
29,30,2,2,2195
29,30,2,3,3874
29,30,2,4,4891
29,30,2,5,5652
29,30,2,6,6826
29,30,2,7,8314
29,30,2,8,9232
29,30,2,9,10393
29,30,2,10,11584
29,30,3,1,8338
29,30,3,2,15266
29,30,3,3,24184
29,30,3,4,30303
29,30,3,5,38512
29,30,3,6,44948
29,30,3,7,54266
29,30,3,8,63538
29,30,3,9,71900
29,30,3,10,77841
29,30,4,1,1190
29,30,4,2,2462
29,30,4,3,3491
29,30,4,4,4545
29,30,4,5,5460
29,30,4,6,6946
29,30,4,7,8114
29,30,4,8,9019
29,30,4,9,10288
29,30,4,10,11355
30,31,1,1,526
30,31,1,2,1273
30,31,1,3,1567
30,31,1,4,2513
30,31,1,5,3063
30,31,1,6,3239
30,31,1,7,4193
30,31,1,8,4463
30,31,1,9,4929
30,31,1,10,5557
30,31,2,1,416
30,31,2,2,824
30,31,2,3,1206
30,31,2,4,1715
30,31,2,5,2069
30,31,2,6,2177
30,31,2,7,2648
30,31,2,8,3141
30,31,2,9,3525
30,31,2,10,3836
30,31,3,1,2210
30,31,3,2,4377
30,31,3,3,5274
30,31,3,4,7400
30,31,3,5,10405
30,31,3,6,12249
30,31,3,7,12628
30,31,3,8,15169
30,31,3,9,17350
30,31,3,10,18997
30,31,4,1,495
30,31,4,2,1171
30,31,4,3,1805
30,31,4,4,2018
30,31,4,5,3063
30,31,4,6,3595
30,31,4,7,3969
30,31,4,8,4582
30,31,4,9,5037
30,31,4,10,5665
31,32,1,1,9561
31,32,1,2,20241
31,32,1,3,29891
31,32,1,4,42191
31,32,1,5,51986
31,32,1,6,61387
31,32,1,7,73707
31,32,1,8,81534
31,32,1,9,93270
31,32,1,10,102018
31,32,2,1,6133
31,32,2,2,12861
31,32,2,3,17876
31,32,2,4,24962
31,32,2,5,28883
31,32,2,6,37377
31,32,2,7,41593
31,32,2,8,47030
31,32,2,9,53351
31,32,2,10,60232
31,32,3,1,74283
31,32,3,2,158954
31,32,3,3,221232
31,32,3,4,280835
31,32,3,5,366928
31,32,3,6,452277
31,32,3,7,517276
31,32,3,8,588138
31,32,3,9,663201
31,32,3,10,730660
31,32,4,1,6394
31,32,4,2,12861
31,32,4,3,19963
31,32,4,4,28541
31,32,4,5,33293
31,32,4,6,40274
31,32,4,7,50316
31,32,4,8,57106
31,32,4,9,64871
31,32,4,10,70498
32,33,1,1,9775
32,33,1,2,18980
32,33,1,3,29271
32,33,1,4,39877
32,33,1,5,49106
32,33,1,6,58001
32,33,1,7,66975
32,33,1,8,74985
32,33,1,9,86493
32,33,1,10,95093
32,33,2,1,7237
32,33,2,2,15199
32,33,2,3,22588
32,33,2,4,27245
32,33,2,5,37060
32,33,2,6,43724
32,33,2,7,52140
32,33,2,8,59951
32,33,2,9,67285
32,33,2,10,75159
32,33,3,1,50981
32,33,3,2,98465
32,33,3,3,141626
32,33,3,4,193845
32,33,3,5,253322
32,33,3,6,292821
32,33,3,7,342993
32,33,3,8,399025
32,33,3,9,446296
32,33,3,10,495909
32,33,4,1,9108
32,33,4,2,17150
32,33,4,3,24493
32,33,4,4,36470
32,33,4,5,43133
32,33,4,6,50340
32,33,4,7,59978
32,33,4,8,69756
32,33,4,9,77289
32,33,4,10,85471
33,34,1,1,8258
33,34,1,2,17451
33,34,1,3,26311
33,34,1,4,32855
33,34,1,5,44653
33,34,1,6,53099
33,34,1,7,62053
33,34,1,8,69866
33,34,1,9,78042
33,34,1,10,87227
33,34,2,1,7117
33,34,2,2,14445
33,34,2,3,21172
33,34,2,4,30932
33,34,2,5,37119
33,34,2,6,42529
33,34,2,7,51678
33,34,2,8,58430
33,34,2,9,65821
33,34,2,10,73222
33,34,3,1,54290
33,34,3,2,114181
33,34,3,3,172152
33,34,3,4,234659
33,34,3,5,285850
33,34,3,6,345681
33,34,3,7,413471
33,34,3,8,459833
33,34,3,9,513754
33,34,3,10,564864
33,34,4,1,9213
33,34,4,2,20418
33,34,4,3,29443
33,34,4,4,38551
33,34,4,5,49519
33,34,4,6,62887
33,34,4,7,67141
33,34,4,8,79534
33,34,4,9,91401
33,34,4,10,99996
34,35,1,1,969
34,35,1,2,1957
34,35,1,3,2902
34,35,1,4,3838
34,35,1,5,4471
34,35,1,6,5712
34,35,1,7,6384
34,35,1,8,7567
34,35,1,9,8250
34,35,1,10,9319
34,35,2,1,484
34,35,2,2,934
34,35,2,3,1386
34,35,2,4,1915
34,35,2,5,2390
34,35,2,6,2707
34,35,2,7,3284
34,35,2,8,3665
34,35,2,9,4158
34,35,2,10,4580
34,35,3,1,6517
34,35,3,2,12171
34,35,3,3,16685
34,35,3,4,24224
34,35,3,5,29805
34,35,3,6,34674
34,35,3,7,40495
34,35,3,8,48755
34,35,3,9,52903
34,35,3,10,60095
34,35,4,1,686
34,35,4,2,1233
34,35,4,3,1958
34,35,4,4,2488
34,35,4,5,3527
34,35,4,6,3984
34,35,4,7,4570
34,35,4,8,5261
34,35,4,9,5871
34,35,4,10,6657
35,36,1,1,12310
35,36,1,2,25106
35,36,1,3,35052
35,36,1,4,48871
35,36,1,5,62773
35,36,1,6,72878
35,36,1,7,86680
35,36,1,8,96875
35,36,1,9,110131
35,36,1,10,124224
35,36,2,1,9432
35,36,2,2,19003
35,36,2,3,29941
35,36,2,4,37333
35,36,2,5,48074
35,36,2,6,55085
35,36,2,7,70693
35,36,2,8,76926
35,36,2,9,86679
35,36,2,10,97226
35,36,3,1,59065
35,36,3,2,114475
35,36,3,3,163277
35,36,3,4,241120
35,36,3,5,305913
35,36,3,6,362482
35,36,3,7,406363
35,36,3,8,453080
35,36,3,9,519185
35,36,3,10,580127
35,36,4,1,7083
35,36,4,2,15515
35,36,4,3,24233
35,36,4,4,32198
35,36,4,5,41022
35,36,4,6,45418
35,36,4,7,55549
35,36,4,8,63198
35,36,4,9,70768
35,36,4,10,78439
36,37,1,1,3974
36,37,1,2,8522
36,37,1,3,12643
36,37,1,4,18382
36,37,1,5,21543
36,37,1,6,27132
36,37,1,7,30468
36,37,1,8,35516
36,37,1,9,39121
36,37,1,10,43619
36,37,2,1,3997
36,37,2,2,8518
36,37,2,3,13192
36,37,2,4,16211
36,37,2,5,19290
36,37,2,6,23601
36,37,2,7,29354
36,37,2,8,31101
36,37,2,9,36045
36,37,2,10,40106
36,37,3,1,27262
36,37,3,2,51932
36,37,3,3,75824
36,37,3,4,105186
36,37,3,5,135586
36,37,3,6,162833
36,37,3,7,194596
36,37,3,8,212035
36,37,3,9,241336
36,37,3,10,267946
36,37,4,1,4823
36,37,4,2,8620
36,37,4,3,14658
36,37,4,4,19456
36,37,4,5,23513
36,37,4,6,30169
36,37,4,7,35872
36,37,4,8,38149
36,37,4,9,44882
36,37,4,10,49093
37,38,1,1,521
37,38,1,2,1118
37,38,1,3,1552
37,38,1,4,2119
37,38,1,5,2833
37,38,1,6,3336
37,38,1,7,3834
37,38,1,8,4351
37,38,1,9,4871
37,38,1,10,5449
37,38,2,1,657
37,38,2,2,1454
37,38,2,3,2047
37,38,2,4,2880
37,38,2,5,3637
37,38,2,6,4148
37,38,2,7,5036
37,38,2,8,5917
37,38,2,9,6565
37,38,2,10,7152
37,38,3,1,2883
37,38,3,2,5474
37,38,3,3,8550
37,38,3,4,10970
37,38,3,5,12644
37,38,3,6,16020
37,38,3,7,19093
37,38,3,8,21087
37,38,3,9,24267
37,38,3,10,26396
37,38,4,1,504
37,38,4,2,972
37,38,4,3,1427
37,38,4,4,2027
37,38,4,5,2511
37,38,4,6,3084
37,38,4,7,3509
37,38,4,8,4102
37,38,4,9,4430
37,38,4,10,5013
38,39,1,1,125
38,39,1,2,248
38,39,1,3,372
38,39,1,4,447
38,39,1,5,688
38,39,1,6,810
38,39,1,7,899
38,39,1,8,1045
38,39,1,9,1146
38,39,1,10,1285
38,39,2,1,44
38,39,2,2,103
38,39,2,3,176
38,39,2,4,229
38,39,2,5,254
38,39,2,6,319
38,39,2,7,362
38,39,2,8,435
38,39,2,9,487
38,39,2,10,530
38,39,3,1,570
38,39,3,2,1096
38,39,3,3,1244
38,39,3,4,1839
38,39,3,5,2406
38,39,3,6,3000
38,39,3,7,3412
38,39,3,8,3946
38,39,3,9,4274
38,39,3,10,4844
38,39,4,1,76
38,39,4,2,112
38,39,4,3,183
38,39,4,4,250
38,39,4,5,329
38,39,4,6,390
38,39,4,7,449
38,39,4,8,534
38,39,4,9,588
38,39,4,10,640
39,40,1,1,41663
39,40,1,2,84592
39,40,1,3,129053
39,40,1,4,167381
39,40,1,5,211939
39,40,1,6,253535
39,40,1,7,299953
39,40,1,8,340364
39,40,1,9,386499
39,40,1,10,425916
39,40,2,1,25995
39,40,2,2,49567
39,40,2,3,75225
39,40,2,4,101143
39,40,2,5,123408
39,40,2,6,150321
39,40,2,7,174505
39,40,2,8,199954
39,40,2,9,225510
39,40,2,10,250128
39,40,3,1,266714
39,40,3,2,517979
39,40,3,3,792352
39,40,3,4,1100450
39,40,3,5,1365506
39,40,3,6,1609694
39,40,3,7,1901585
39,40,3,8,2191431
39,40,3,9,2432211
39,40,3,10,2688590
39,40,4,1,29235
39,40,4,2,54397
39,40,4,3,80901
39,40,4,4,107630
39,40,4,5,133652
39,40,4,6,161019
39,40,4,7,194993
39,40,4,8,220736
39,40,4,9,247804
39,40,4,10,275806
40,41,1,1,5892
40,41,1,2,10568
40,41,1,3,14936
40,41,1,4,20508
40,41,1,5,26714
40,41,1,6,30358
40,41,1,7,36826
40,41,1,8,42012
40,41,1,9,46899
40,41,1,10,53011
40,41,2,1,2699
40,41,2,2,5966
40,41,2,3,8772
40,41,2,4,10998
40,41,2,5,16096
40,41,2,6,18781
40,41,2,7,20183
40,41,2,8,23425
40,41,2,9,27006
40,41,2,10,29373
40,41,3,1,46016
40,41,3,2,95702
40,41,3,3,126627
40,41,3,4,182601
40,41,3,5,198474
40,41,3,6,244736
40,41,3,7,284782
40,41,3,8,337287
40,41,3,9,380400
40,41,3,10,429296
40,41,4,1,2026
40,41,4,2,4404
40,41,4,3,6683
40,41,4,4,8252
40,41,4,5,10743
40,41,4,6,12726
40,41,4,7,15414
40,41,4,8,17674
40,41,4,9,19666
40,41,4,10,22010
41,42,1,1,637
41,42,1,2,1038
41,42,1,3,1536
41,42,1,4,2069
41,42,1,5,2589
41,42,1,6,3265
41,42,1,7,3717
41,42,1,8,4566
41,42,1,9,4867
41,42,1,10,5559
41,42,2,1,430
41,42,2,2,704
41,42,2,3,1164
41,42,2,4,1443
41,42,2,5,1754
41,42,2,6,2297
41,42,2,7,2572
41,42,2,8,3153
41,42,2,9,3377
41,42,2,10,3864
41,42,3,1,1632
41,42,3,2,3372
41,42,3,3,5540
41,42,3,4,8303
41,42,3,5,8925
41,42,3,6,10909
41,42,3,7,13534
41,42,3,8,15192
41,42,3,9,16634
41,42,3,10,18919
41,42,4,1,382
41,42,4,2,722
41,42,4,3,1085
41,42,4,4,1565
41,42,4,5,2180
41,42,4,6,2632
41,42,4,7,2693
41,42,4,8,3295
41,42,4,9,3768
41,42,4,10,4106
42,43,1,1,125
42,43,1,2,261
42,43,1,3,385
42,43,1,4,594
42,43,1,5,763
42,43,1,6,917
42,43,1,7,1034
42,43,1,8,1198
42,43,1,9,1317
42,43,1,10,1518
42,43,2,1,145
42,43,2,2,331
42,43,2,3,527
42,43,2,4,694
42,43,2,5,726
42,43,2,6,884
42,43,2,7,1113
42,43,2,8,1333
42,43,2,9,1368
42,43,2,10,1572
42,43,3,1,757
42,43,3,2,1562
42,43,3,3,2888
42,43,3,4,3766
42,43,3,5,3959
42,43,3,6,5045
42,43,3,7,5673
42,43,3,8,6446
42,43,3,9,7387
42,43,3,10,8546
42,43,4,1,176
42,43,4,2,306
42,43,4,3,491
42,43,4,4,694
42,43,4,5,857
42,43,4,6,1039
42,43,4,7,1038
42,43,4,8,1214
42,43,4,9,1450
42,43,4,10,1598
43,44,1,1,106
43,44,1,2,230
43,44,1,3,315
43,44,1,4,427
43,44,1,5,524
43,44,1,6,628
43,44,1,7,706
43,44,1,8,829
43,44,1,9,925
43,44,1,10,1037
43,44,2,1,41
43,44,2,2,78
43,44,2,3,127
43,44,2,4,150
43,44,2,5,198
43,44,2,6,240
43,44,2,7,266
43,44,2,8,315
43,44,2,9,350
43,44,2,10,392
43,44,3,1,346
43,44,3,2,647
43,44,3,3,1081
43,44,3,4,1326
43,44,3,5,1782
43,44,3,6,2145
43,44,3,7,2409
43,44,3,8,2681
43,44,3,9,3131
43,44,3,10,3410
43,44,4,1,23
43,44,4,2,37
43,44,4,3,59
43,44,4,4,84
43,44,4,5,98
43,44,4,6,127
43,44,4,7,147
43,44,4,8,171
43,44,4,9,182
43,44,4,10,206
44,45,1,1,4962
44,45,1,2,11276
44,45,1,3,16117
44,45,1,4,22005
44,45,1,5,29623
44,45,1,6,32920
44,45,1,7,38434
44,45,1,8,44865
44,45,1,9,53722
44,45,1,10,58260
44,45,2,1,4114
44,45,2,2,7613
44,45,2,3,13499
44,45,2,4,16641
44,45,2,5,22313
44,45,2,6,27983
44,45,2,7,31684
44,45,2,8,34639
44,45,2,9,38768
44,45,2,10,43068
44,45,3,1,31279
44,45,3,2,71868
44,45,3,3,95368
44,45,3,4,131532
44,45,3,5,171655
44,45,3,6,184965
44,45,3,7,220139
44,45,3,8,249779
44,45,3,9,284420
44,45,3,10,323926
44,45,4,1,8092
44,45,4,2,14217
44,45,4,3,19376
44,45,4,4,30564
44,45,4,5,36716
44,45,4,6,43741
44,45,4,7,47472
44,45,4,8,57514
44,45,4,9,61975
44,45,4,10,70364
45,46,1,1,208
45,46,1,2,477
45,46,1,3,671
45,46,1,4,826
45,46,1,5,1227
45,46,1,6,1479
45,46,1,7,1598
45,46,1,8,1823
45,46,1,9,2022
45,46,1,10,2293
45,46,2,1,220
45,46,2,2,411
45,46,2,3,623
45,46,2,4,717
45,46,2,5,977
45,46,2,6,1044
45,46,2,7,1277
45,46,2,8,1501
45,46,2,9,1723
45,46,2,10,1866
45,46,3,1,1860
45,46,3,2,3294
45,46,3,3,5506
45,46,3,4,7522
45,46,3,5,9311
45,46,3,6,9455
45,46,3,7,12105
45,46,3,8,14052
45,46,3,9,15035
45,46,3,10,16903
45,46,4,1,170
45,46,4,2,438
45,46,4,3,705
45,46,4,4,717
45,46,4,5,1126
45,46,4,6,1217
45,46,4,7,1362
45,46,4,8,1695
45,46,4,9,1784
45,46,4,10,2043
46,47,1,1,15878
46,47,1,2,34868
46,47,1,3,50183
46,47,1,4,69939
46,47,1,5,84833
46,47,1,6,103676
46,47,1,7,125011
46,47,1,8,138369
46,47,1,9,154811
46,47,1,10,173666
46,47,2,1,8067
46,47,2,2,16187
46,47,2,3,24193
46,47,2,4,31253
46,47,2,5,42889
46,47,2,6,49200
46,47,2,7,57216
46,47,2,8,66166
46,47,2,9,75430
46,47,2,10,81920
46,47,3,1,72252
46,47,3,2,151054
46,47,3,3,213818
46,47,3,4,314804
46,47,3,5,383216
46,47,3,6,469756
46,47,3,7,513553
46,47,3,8,600506
46,47,3,9,688503
46,47,3,10,760274
46,47,4,1,7300
46,47,4,2,15296
46,47,4,3,23460
46,47,4,4,30672
46,47,4,5,38338
46,47,4,6,46478
46,47,4,7,52330
46,47,4,8,60933
46,47,4,9,69304
46,47,4,10,76156
47,48,1,1,2291
47,48,1,2,3868
47,48,1,3,5993
47,48,1,4,7885
47,48,1,5,10940
47,48,1,6,12855
47,48,1,7,14932
47,48,1,8,17021
47,48,1,9,19034
47,48,1,10,21073
47,48,2,1,1680
47,48,2,2,3118
47,48,2,3,5113
47,48,2,4,6321
47,48,2,5,8023
47,48,2,6,9535
47,48,2,7,11583
47,48,2,8,12947
47,48,2,9,14831
47,48,2,10,16173
47,48,3,1,12104
47,48,3,2,25173
47,48,3,3,37383
47,48,3,4,49321
47,48,3,5,60827
47,48,3,6,71218
47,48,3,7,84767
47,48,3,8,100577
47,48,3,9,110446
47,48,3,10,122796
47,48,4,1,1757
47,48,4,2,3359
47,48,4,3,5265
47,48,4,4,7159
47,48,4,5,9183
47,48,4,6,10642
47,48,4,7,11958
47,48,4,8,13509
47,48,4,9,15641
47,48,4,10,17319
48,49,1,1,17
48,49,1,2,40
48,49,1,3,54
48,49,1,4,87
48,49,1,5,95
48,49,1,6,128
48,49,1,7,142
48,49,1,8,166
48,49,1,9,189
48,49,1,10,203
48,49,2,1,20
48,49,2,2,43
48,49,2,3,50
48,49,2,4,85
48,49,2,5,97
48,49,2,6,111
48,49,2,7,133
48,49,2,8,151
48,49,2,9,172
48,49,2,10,195
48,49,3,1,115
48,49,3,2,231
48,49,3,3,286
48,49,3,4,403
48,49,3,5,602
48,49,3,6,691
48,49,3,7,736
48,49,3,8,878
48,49,3,9,978
48,49,3,10,1076
48,49,4,1,45
48,49,4,2,73
48,49,4,3,101
48,49,4,4,164
48,49,4,5,191
48,49,4,6,205
48,49,4,7,282
48,49,4,8,303
48,49,4,9,334
48,49,4,10,377
49,50,1,1,806
49,50,1,2,1465
49,50,1,3,2155
49,50,1,4,3096
49,50,1,5,3805
49,50,1,6,4284
49,50,1,7,5215
49,50,1,8,6066
49,50,1,9,6588
49,50,1,10,7311
49,50,2,1,313
49,50,2,2,621
49,50,2,3,915
49,50,2,4,1292
49,50,2,5,1436
49,50,2,6,1862
49,50,2,7,2063
49,50,2,8,2457
49,50,2,9,2759
49,50,2,10,3080
49,50,3,1,3248
49,50,3,2,6694
49,50,3,3,9852
49,50,3,4,13397
49,50,3,5,16945
49,50,3,6,20161
49,50,3,7,22864
49,50,3,8,26572
49,50,3,9,30271
49,50,3,10,33537
49,50,4,1,415
49,50,4,2,729
49,50,4,3,1135
49,50,4,4,1620
49,50,4,5,1995
49,50,4,6,2420
49,50,4,7,2742
49,50,4,8,3186
49,50,4,9,3547
49,50,4,10,4038
50,51,1,1,8481
50,51,1,2,17610
50,51,1,3,24300
50,51,1,4,35642
50,51,1,5,45049
50,51,1,6,54396
50,51,1,7,60847
50,51,1,8,69626
50,51,1,9,79621
50,51,1,10,87573
50,51,2,1,6692
50,51,2,2,10779
50,51,2,3,18013
50,51,2,4,23435
50,51,2,5,31244
50,51,2,6,34612
50,51,2,7,43683
50,51,2,8,49557
50,51,2,9,54624
50,51,2,10,60658
50,51,3,1,70817
50,51,3,2,133047
50,51,3,3,220773
50,51,3,4,290437
50,51,3,5,342144
50,51,3,6,427424
50,51,3,7,483486
50,51,3,8,537449
50,51,3,9,622740
50,51,3,10,683302
50,51,4,1,7522
50,51,4,2,17729
50,51,4,3,22953
50,51,4,4,34725
50,51,4,5,40143
50,51,4,6,47274
50,51,4,7,53252
50,51,4,8,62876
50,51,4,9,71358
50,51,4,10,80553
51,52,1,1,8043
51,52,1,2,16031
51,52,1,3,24531
51,52,1,4,31739
51,52,1,5,41306
51,52,1,6,47492
51,52,1,7,56669
51,52,1,8,67620
51,52,1,9,75019
51,52,1,10,82878
51,52,2,1,7818
51,52,2,2,15317
51,52,2,3,23707
51,52,2,4,30348
51,52,2,5,41677
51,52,2,6,44835
51,52,2,7,54214
51,52,2,8,62206
51,52,2,9,68553
51,52,2,10,76959
51,52,3,1,66409
51,52,3,2,115764
51,52,3,3,178641
51,52,3,4,234803
51,52,3,5,289230
51,52,3,6,356357
51,52,3,7,405100
51,52,3,8,473207
51,52,3,9,533537
51,52,3,10,585366
51,52,4,1,8980
51,52,4,2,16205
51,52,4,3,24245
51,52,4,4,36165
51,52,4,5,41980
51,52,4,6,53481
51,52,4,7,59551
51,52,4,8,71417
51,52,4,9,77744
51,52,4,10,87910
52,53,1,1,1290
52,53,1,2,2195
52,53,1,3,2877
52,53,1,4,5013
52,53,1,5,6245
52,53,1,6,6156
52,53,1,7,8024
52,53,1,8,9470
52,53,1,9,10039
52,53,1,10,11298
52,53,2,1,1067
52,53,2,2,1983
52,53,2,3,3610
52,53,2,4,4171
52,53,2,5,4781
52,53,2,6,5980
52,53,2,7,7470
52,53,2,8,8412
52,53,2,9,9780
52,53,2,10,10654
52,53,3,1,5145
52,53,3,2,10274
52,53,3,3,17374
52,53,3,4,21924
52,53,3,5,31307
52,53,3,6,35362
52,53,3,7,42479
52,53,3,8,50173
52,53,3,9,52465
52,53,3,10,60162
52,53,4,1,839
52,53,4,2,1480
52,53,4,3,2320
52,53,4,4,2839
52,53,4,5,3805
52,53,4,6,4205
52,53,4,7,4855
52,53,4,8,5929
52,53,4,9,6673
52,53,4,10,7292
53,54,1,1,1738
53,54,1,2,3465
53,54,1,3,5322
53,54,1,4,7241
53,54,1,5,8631
53,54,1,6,11078
53,54,1,7,13157
53,54,1,8,13913
53,54,1,9,16383
53,54,1,10,18102
53,54,2,1,1472
53,54,2,2,3060
53,54,2,3,4514
53,54,2,4,6393
53,54,2,5,7385
53,54,2,6,8943
53,54,2,7,10310
53,54,2,8,12209
53,54,2,9,13872
53,54,2,10,15200
53,54,3,1,7151
53,54,3,2,13825
53,54,3,3,20447
53,54,3,4,26675
53,54,3,5,35782
53,54,3,6,42178
53,54,3,7,49078
53,54,3,8,54893
53,54,3,9,65120
53,54,3,10,70533
53,54,4,1,1171
53,54,4,2,2408
53,54,4,3,4151
53,54,4,4,5330
53,54,4,5,6092
53,54,4,6,7344
53,54,4,7,9137
53,54,4,8,10051
53,54,4,9,11684
53,54,4,10,12624
54,55,1,1,2256
54,55,1,2,4536
54,55,1,3,7597
54,55,1,4,8869
54,55,1,5,10994
54,55,1,6,14387
54,55,1,7,17124
54,55,1,8,19158
54,55,1,9,22395
54,55,1,10,24261
54,55,2,1,1979
54,55,2,2,3589
54,55,2,3,5747
54,55,2,4,6873
54,55,2,5,10033
54,55,2,6,11473
54,55,2,7,12956
54,55,2,8,14030
54,55,2,9,16606
54,55,2,10,18220
54,55,3,1,17952
54,55,3,2,31010
54,55,3,3,49422
54,55,3,4,72613
54,55,3,5,77123
54,55,3,6,108194
54,55,3,7,122646
54,55,3,8,137230
54,55,3,9,157148
54,55,3,10,171248
54,55,4,1,2142
54,55,4,2,4159
54,55,4,3,6941
54,55,4,4,8826
54,55,4,5,10585
54,55,4,6,12583
54,55,4,7,15146
54,55,4,8,17334
54,55,4,9,19316
54,55,4,10,21805
55,56,1,1,135
55,56,1,2,322
55,56,1,3,438
55,56,1,4,604
55,56,1,5,847
55,56,1,6,889
55,56,1,7,1098
55,56,1,8,1233
55,56,1,9,1433
55,56,1,10,1608
55,56,2,1,153
55,56,2,2,340
55,56,2,3,468
55,56,2,4,621
55,56,2,5,855
55,56,2,6,1022
55,56,2,7,1235
55,56,2,8,1350
55,56,2,9,1573
55,56,2,10,1726
55,56,3,1,736
55,56,3,2,1801
55,56,3,3,2545
55,56,3,4,3064
55,56,3,5,3786
55,56,3,6,5172
55,56,3,7,6130
55,56,3,8,6648
55,56,3,9,7739
55,56,3,10,8479
55,56,4,1,105
55,56,4,2,165
55,56,4,3,286
55,56,4,4,389
55,56,4,5,461
55,56,4,6,499
55,56,4,7,619
55,56,4,8,734
55,56,4,9,759
55,56,4,10,872
56,57,1,1,6981
56,57,1,2,13918
56,57,1,3,22214
56,57,1,4,27697
56,57,1,5,34164
56,57,1,6,39147
56,57,1,7,47691
56,57,1,8,55502
56,57,1,9,60874
56,57,1,10,68176
56,57,2,1,3590
56,57,2,2,8599
56,57,2,3,12496
56,57,2,4,15306
56,57,2,5,20607
56,57,2,6,24034
56,57,2,7,25996
56,57,2,8,31848
56,57,2,9,35559
56,57,2,10,39676
56,57,3,1,32782
56,57,3,2,73067
56,57,3,3,103745
56,57,3,4,136323
56,57,3,5,170795
56,57,3,6,207876
56,57,3,7,228942
56,57,3,8,255230
56,57,3,9,299069
56,57,3,10,328587
56,57,4,1,3151
56,57,4,2,6997
56,57,4,3,10855
56,57,4,4,13072
56,57,4,5,18249
56,57,4,6,20113
56,57,4,7,23448
56,57,4,8,27364
56,57,4,9,29679
56,57,4,10,33460
57,58,1,1,4541
57,58,1,2,9439
57,58,1,3,12872
57,58,1,4,18950
57,58,1,5,22329
57,58,1,6,27240
57,58,1,7,32570
57,58,1,8,35901
57,58,1,9,41563
57,58,1,10,45549
57,58,2,1,3115
57,58,2,2,5038
57,58,2,3,7666
57,58,2,4,10335
57,58,2,5,14176
57,58,2,6,16350
57,58,2,7,19896
57,58,2,8,21263
57,58,2,9,24015
57,58,2,10,26971
57,58,3,1,31179
57,58,3,2,63860
57,58,3,3,93652
57,58,3,4,118348
57,58,3,5,150670
57,58,3,6,182980
57,58,3,7,195485
57,58,3,8,232744
57,58,3,9,260419
57,58,3,10,288978
57,58,4,1,2316
57,58,4,2,4517
57,58,4,3,6492
57,58,4,4,9927
57,58,4,5,11206
57,58,4,6,13432
57,58,4,7,15798
57,58,4,8,18207
57,58,4,9,20620
57,58,4,10,22487
58,59,1,1,330
58,59,1,2,744
58,59,1,3,959
58,59,1,4,1396
58,59,1,5,1704
58,59,1,6,1949
58,59,1,7,2392
58,59,1,8,2549
58,59,1,9,2922
58,59,1,10,3218
58,59,2,1,196
58,59,2,2,329
58,59,2,3,509
58,59,2,4,835
58,59,2,5,893
58,59,2,6,1085
58,59,2,7,1252
58,59,2,8,1487
58,59,2,9,1711
58,59,2,10,1866
58,59,3,1,1836
58,59,3,2,4385
58,59,3,3,5010
58,59,3,4,7311
58,59,3,5,8713
58,59,3,6,11642
58,59,3,7,13439
58,59,3,8,14581
58,59,3,9,16804
58,59,3,10,19198
58,59,4,1,441
58,59,4,2,759
58,59,4,3,1070
58,59,4,4,1674
58,59,4,5,1726
58,59,4,6,2151
58,59,4,7,2680
58,59,4,8,3019
58,59,4,9,3490
58,59,4,10,3852
59,60,1,1,34636
59,60,1,2,75127
59,60,1,3,115766
59,60,1,4,145926
59,60,1,5,183713
59,60,1,6,225092
59,60,1,7,252103
59,60,1,8,293629
59,60,1,9,331471
59,60,1,10,366296
59,60,2,1,28223
59,60,2,2,52949
59,60,2,3,85577
59,60,2,4,112630
59,60,2,5,138556
59,60,2,6,160524
59,60,2,7,195264
59,60,2,8,223194
59,60,2,9,249681
59,60,2,10,276197
59,60,3,1,219730
59,60,3,2,426928
59,60,3,3,688773
59,60,3,4,910394
59,60,3,5,1154759
59,60,3,6,1397300
59,60,3,7,1562613
59,60,3,8,1843117
59,60,3,9,2084759
59,60,3,10,2279298
59,60,4,1,35881
59,60,4,2,66312
59,60,4,3,96403
59,60,4,4,127479
59,60,4,5,158295
59,60,4,6,195049
59,60,4,7,226908
59,60,4,8,260914
59,60,4,9,299182
59,60,4,10,328139
60,61,1,1,914
60,61,1,2,1889
60,61,1,3,2247
60,61,1,4,3355
60,61,1,5,3680
60,61,1,6,5329
60,61,1,7,5811
60,61,1,8,6412
60,61,1,9,7246
60,61,1,10,8153
60,61,2,1,604
60,61,2,2,1070
60,61,2,3,1869
60,61,2,4,2432
60,61,2,5,2604
60,61,2,6,3435
60,61,2,7,4117
60,61,2,8,4454
60,61,2,9,5000
60,61,2,10,5763
60,61,3,1,1876
60,61,3,2,4487
60,61,3,3,5551
60,61,3,4,7944
60,61,3,5,10528
60,61,3,6,12247
60,61,3,7,12462
60,61,3,8,16225
60,61,3,9,17043
60,61,3,10,19279
60,61,4,1,510
60,61,4,2,821
60,61,4,3,1291
60,61,4,4,1835
60,61,4,5,2410
60,61,4,6,3117
60,61,4,7,3289
60,61,4,8,3792
60,61,4,9,4490
60,61,4,10,4894
61,62,1,1,187
61,62,1,2,458
61,62,1,3,632
61,62,1,4,883
61,62,1,5,974
61,62,1,6,1325
61,62,1,7,1602
61,62,1,8,1679
61,62,1,9,1962
61,62,1,10,2184
61,62,2,1,127
61,62,2,2,297
61,62,2,3,393
61,62,2,4,476
61,62,2,5,708
61,62,2,6,836
61,62,2,7,967
61,62,2,8,1029
61,62,2,9,1148
61,62,2,10,1300
61,62,3,1,1607
61,62,3,2,2836
61,62,3,3,4459
61,62,3,4,6531
61,62,3,5,7590
61,62,3,6,8380
61,62,3,7,10998
61,62,3,8,11094
61,62,3,9,13327
61,62,3,10,14649
61,62,4,1,229
61,62,4,2,493
61,62,4,3,752
61,62,4,4,910
61,62,4,5,1256
61,62,4,6,1366
61,62,4,7,1559
61,62,4,8,1892
61,62,4,9,2039
61,62,4,10,2270
62,63,1,1,819
62,63,1,2,1875
62,63,1,3,3162
62,63,1,4,4016
62,63,1,5,4205
62,63,1,6,5940
62,63,1,7,6571
62,63,1,8,7665
62,63,1,9,8667
62,63,1,10,9442
62,63,2,1,867
62,63,2,2,1787
62,63,2,3,2987
62,63,2,4,3389
62,63,2,5,4655
62,63,2,6,5243
62,63,2,7,6256
62,63,2,8,7355
62,63,2,9,8712
62,63,2,10,9444
62,63,3,1,2555
62,63,3,2,4700
62,63,3,3,8388
62,63,3,4,9125
62,63,3,5,12116
62,63,3,6,16659
62,63,3,7,18633
62,63,3,8,20302
62,63,3,9,23005
62,63,3,10,26319
62,63,4,1,450
62,63,4,2,1054
62,63,4,3,1575
62,63,4,4,1904
62,63,4,5,2567
62,63,4,6,2905
62,63,4,7,3494
62,63,4,8,4222
62,63,4,9,4778
62,63,4,10,5239
63,64,1,1,1763
63,64,1,2,3917
63,64,1,3,5908
63,64,1,4,7195
63,64,1,5,8965
63,64,1,6,10889
63,64,1,7,13804
63,64,1,8,15501
63,64,1,9,16685
63,64,1,10,18951
63,64,2,1,750
63,64,2,2,1438
63,64,2,3,1950
63,64,2,4,2792
63,64,2,5,3319
63,64,2,6,3889
63,64,2,7,4830
63,64,2,8,5303
63,64,2,9,6081
63,64,2,10,6837
63,64,3,1,7864
63,64,3,2,18314
63,64,3,3,26710
63,64,3,4,34854
63,64,3,5,40844
63,64,3,6,54208
63,64,3,7,61138
63,64,3,8,70934
63,64,3,9,80084
63,64,3,10,88017
63,64,4,1,505
63,64,4,2,1291
63,64,4,3,1858
63,64,4,4,2324
63,64,4,5,2920
63,64,4,6,3455
63,64,4,7,4022
63,64,4,8,4666
63,64,4,9,5120
63,64,4,10,5735
64,65,1,1,15106
64,65,1,2,31423
64,65,1,3,47127
64,65,1,4,63817
64,65,1,5,77921
64,65,1,6,95260
64,65,1,7,109313
64,65,1,8,121727
64,65,1,9,138508
64,65,1,10,154156
64,65,2,1,9584
64,65,2,2,20444
64,65,2,3,25632
64,65,2,4,36861
64,65,2,5,47977
64,65,2,6,58398
64,65,2,7,66128
64,65,2,8,74475
64,65,2,9,85239
64,65,2,10,94174
64,65,3,1,89016
64,65,3,2,180503
64,65,3,3,277179
64,65,3,4,358773
64,65,3,5,464612
64,65,3,6,548006
64,65,3,7,632819
64,65,3,8,722008
64,65,3,9,791912
64,65,3,10,887240
64,65,4,1,11052
64,65,4,2,23271
64,65,4,3,35347
64,65,4,4,46176
64,65,4,5,55891
64,65,4,6,69584
64,65,4,7,78036
64,65,4,8,91724
64,65,4,9,102014
64,65,4,10,113193
65,66,1,1,16
65,66,1,2,31
65,66,1,3,46
65,66,1,4,69
65,66,1,5,94
65,66,1,6,113
65,66,1,7,114
65,66,1,8,142
65,66,1,9,157
65,66,1,10,174
65,66,2,1,9
65,66,2,2,19
65,66,2,3,31
65,66,2,4,43
65,66,2,5,54
65,66,2,6,59
65,66,2,7,72
65,66,2,8,82
65,66,2,9,91
65,66,2,10,98
65,66,3,1,96
65,66,3,2,142
65,66,3,3,283
65,66,3,4,311
65,66,3,5,394
65,66,3,6,531
65,66,3,7,606
65,66,3,8,661
65,66,3,9,746
65,66,3,10,842
65,66,4,1,10
65,66,4,2,22
65,66,4,3,34
65,66,4,4,42
65,66,4,5,49
65,66,4,6,62
65,66,4,7,74
65,66,4,8,86
65,66,4,9,98
65,66,4,10,108
66,67,1,1,32292
66,67,1,2,62401
66,67,1,3,95220
66,67,1,4,124298
66,67,1,5,158477
66,67,1,6,189899
66,67,1,7,218466
66,67,1,8,248251
66,67,1,9,285424
66,67,1,10,316292
66,67,2,1,21590
66,67,2,2,43509
66,67,2,3,62529
66,67,2,4,84343
66,67,2,5,110541
66,67,2,6,128438
66,67,2,7,148815
66,67,2,8,174184
66,67,2,9,196870
66,67,2,10,219099
66,67,3,1,199518
66,67,3,2,395746
66,67,3,3,593808
66,67,3,4,751785
66,67,3,5,1010615
66,67,3,6,1169625
66,67,3,7,1372669
66,67,3,8,1566754
66,67,3,9,1757585
66,67,3,10,1957260
66,67,4,1,28458
66,67,4,2,58823
66,67,4,3,87424
66,67,4,4,116033
66,67,4,5,142324
66,67,4,6,177365
66,67,4,7,200782
66,67,4,8,229073
66,67,4,9,258370
66,67,4,10,286256
67,68,1,1,1549
67,68,1,2,2773
67,68,1,3,5164
67,68,1,4,6459
67,68,1,5,8040
67,68,1,6,9697
67,68,1,7,10573
67,68,1,8,12427
67,68,1,9,13978
67,68,1,10,15549
67,68,2,1,1134
67,68,2,2,2424
67,68,2,3,3139
67,68,2,4,4727
67,68,2,5,5402
67,68,2,6,6639
67,68,2,7,7779
67,68,2,8,9081
67,68,2,9,9763
67,68,2,10,10917
67,68,3,1,7164
67,68,3,2,14658
67,68,3,3,21816
67,68,3,4,29130
67,68,3,5,36241
67,68,3,6,43102
67,68,3,7,51949
67,68,3,8,57019
67,68,3,9,66638
67,68,3,10,73020
67,68,4,1,1250
67,68,4,2,2093
67,68,4,3,3545
67,68,4,4,4976
67,68,4,5,5879
67,68,4,6,7070
67,68,4,7,8250
67,68,4,8,9067
67,68,4,9,10242
67,68,4,10,11417
68,69,1,1,118
68,69,1,2,187
68,69,1,3,339
68,69,1,4,378
68,69,1,5,473
68,69,1,6,638
68,69,1,7,742
68,69,1,8,886
68,69,1,9,955
68,69,1,10,1046
68,69,2,1,199
68,69,2,2,292
68,69,2,3,507
68,69,2,4,713
68,69,2,5,813
68,69,2,6,1023
68,69,2,7,1108
68,69,2,8,1310
68,69,2,9,1481
68,69,2,10,1673
68,69,3,1,728
68,69,3,2,1492
68,69,3,3,2084
68,69,3,4,2718
68,69,3,5,3149
68,69,3,6,4448
68,69,3,7,4624
68,69,3,8,5754
68,69,3,9,6384
68,69,3,10,6842
68,69,4,1,274
68,69,4,2,638
68,69,4,3,872
68,69,4,4,1247
68,69,4,5,1350
68,69,4,6,1732
68,69,4,7,1884
68,69,4,8,2352
68,69,4,9,2493
68,69,4,10,2870
69,70,1,1,1294
69,70,1,2,2925
69,70,1,3,3767
69,70,1,4,4841
69,70,1,5,6515
69,70,1,6,7492
69,70,1,7,8844
69,70,1,8,10516
69,70,1,9,11226
69,70,1,10,12952
69,70,2,1,610
69,70,2,2,1294
69,70,2,3,1791
69,70,2,4,2226
69,70,2,5,2812
69,70,2,6,3561
69,70,2,7,4392
69,70,2,8,4802
69,70,2,9,5372
69,70,2,10,6042
69,70,3,1,6055
69,70,3,2,9154
69,70,3,3,14911
69,70,3,4,23036
69,70,3,5,26170
69,70,3,6,32811
69,70,3,7,37942
69,70,3,8,42166
69,70,3,9,47015
69,70,3,10,53253
69,70,4,1,908
69,70,4,2,1899
69,70,4,3,2455
69,70,4,4,3520
69,70,4,5,4641
69,70,4,6,5027
69,70,4,7,5854
69,70,4,8,7055
69,70,4,9,7531
69,70,4,10,8556
70,71,1,1,4089
70,71,1,2,7768
70,71,1,3,12039
70,71,1,4,14992
70,71,1,5,18776
70,71,1,6,22728
70,71,1,7,27650
70,71,1,8,31382
70,71,1,9,34712
70,71,1,10,38909
70,71,2,1,4930
70,71,2,2,8596
70,71,2,3,12770
70,71,2,4,18108
70,71,2,5,22785
70,71,2,6,26601
70,71,2,7,31100
70,71,2,8,34700
70,71,2,9,40320
70,71,2,10,44749
70,71,3,1,26381
70,71,3,2,61119
70,71,3,3,77078
70,71,3,4,119909
70,71,3,5,147271
70,71,3,6,165113
70,71,3,7,186346
70,71,3,8,221248
70,71,3,9,252670
70,71,3,10,278108
70,71,4,1,8674
70,71,4,2,15479
70,71,4,3,25049
70,71,4,4,33109
70,71,4,5,38222
70,71,4,6,46894
70,71,4,7,58391
70,71,4,8,64300
70,71,4,9,72077
70,71,4,10,81418
71,72,1,1,14251
71,72,1,2,25565
71,72,1,3,38136
71,72,1,4,55372
71,72,1,5,63294
71,72,1,6,81628
71,72,1,7,89168
71,72,1,8,105026
71,72,1,9,121574
71,72,1,10,133653
71,72,2,1,9580
71,72,2,2,18586
71,72,2,3,29746
71,72,2,4,39815
71,72,2,5,44948
71,72,2,6,61047
71,72,2,7,67126
71,72,2,8,79842
71,72,2,9,87875
71,72,2,10,98508
71,72,3,1,84886
71,72,3,2,180730
71,72,3,3,328207
71,72,3,4,381106
71,72,3,5,466471
71,72,3,6,554388
71,72,3,7,691008
71,72,3,8,787367
71,72,3,9,854389
71,72,3,10,966224
71,72,4,1,8901
71,72,4,2,19776
71,72,4,3,25325
71,72,4,4,37986
71,72,4,5,44848
71,72,4,6,56337
71,72,4,7,64808
71,72,4,8,71460
71,72,4,9,82561
71,72,4,10,92670
72,73,1,1,6864
72,73,1,2,14042
72,73,1,3,20200
72,73,1,4,29247
72,73,1,5,33228
72,73,1,6,38339
72,73,1,7,50427
72,73,1,8,56179
72,73,1,9,60802
72,73,1,10,67763
72,73,2,1,4109
72,73,2,2,7928
72,73,2,3,11099
72,73,2,4,14300
72,73,2,5,16820
72,73,2,6,20525
72,73,2,7,25723
72,73,2,8,28065
72,73,2,9,31610
72,73,2,10,36066
72,73,3,1,46099
72,73,3,2,80773
72,73,3,3,139742
72,73,3,4,184474
72,73,3,5,245245
72,73,3,6,288169
72,73,3,7,325282
72,73,3,8,372134
72,73,3,9,412471
72,73,3,10,464569
72,73,4,1,4038
72,73,4,2,8357
72,73,4,3,12285
72,73,4,4,14019
72,73,4,5,17183
72,73,4,6,22971
72,73,4,7,27069
72,73,4,8,29418
72,73,4,9,34797
72,73,4,10,38564
73,74,1,1,30606
73,74,1,2,58085
73,74,1,3,97265
73,74,1,4,127030
73,74,1,5,159036
73,74,1,6,186962
73,74,1,7,210947
73,74,1,8,250171
73,74,1,9,276366
73,74,1,10,308492
73,74,2,1,18239
73,74,2,2,33455
73,74,2,3,56525
73,74,2,4,69403
73,74,2,5,86335
73,74,2,6,109935
73,74,2,7,126764
73,74,2,8,144494
73,74,2,9,165012
73,74,2,10,182622
73,74,3,1,184448
73,74,3,2,393763
73,74,3,3,569171
73,74,3,4,722104
73,74,3,5,931094
73,74,3,6,1165082
73,74,3,7,1323553
73,74,3,8,1502768
73,74,3,9,1710068
73,74,3,10,1896609
73,74,4,1,20973
73,74,4,2,40420
73,74,4,3,61439
73,74,4,4,79008
73,74,4,5,96265
73,74,4,6,117778
73,74,4,7,138148
73,74,4,8,157665
73,74,4,9,176893
73,74,4,10,196286
74,75,1,1,189
74,75,1,2,486
74,75,1,3,666
74,75,1,4,876
74,75,1,5,1094
74,75,1,6,1275
74,75,1,7,1537
74,75,1,8,1728
74,75,1,9,2011
74,75,1,10,2189
74,75,2,1,160
74,75,2,2,295
74,75,2,3,396
74,75,2,4,568
74,75,2,5,739
74,75,2,6,807
74,75,2,7,976
74,75,2,8,1124
74,75,2,9,1275
74,75,2,10,1419
74,75,3,1,1327
74,75,3,2,2535
74,75,3,3,3263
74,75,3,4,4437
74,75,3,5,6257
74,75,3,6,6937
74,75,3,7,8493
74,75,3,8,9232
74,75,3,9,10790
74,75,3,10,11856
74,75,4,1,261
74,75,4,2,463
74,75,4,3,655
74,75,4,4,961
74,75,4,5,1063
74,75,4,6,1411
74,75,4,7,1460
74,75,4,8,1795
74,75,4,9,1977
74,75,4,10,2246